lijphart,raes,loosemorehanby,gallagher,enp,pca,governability,entropy,entropyseatprop,
0.166666666666667,0.0583333333333333,0.233333333333333,0.154560308258262,5.55555555555555,NaN,0.18,-1.74806734854609,-1.74806734854609,
0.116666666666667,0.0458333333333333,0.183333333333333,0.110554159678513,6.25,NaN,0.166190476190476,-1.86517724504296,-1.88669678465808,
0.133333333333333,0.0666666666666667,0.266666666666667,0.169148192751537,5.55555555555555,NaN,0.18,-1.74806734854609,-1.74806734854609,
0.1,0.0458333333333333,0.183333333333333,0.114260910006684,6.25,NaN,0.166190476190476,-1.86517724504296,-1.88669678465808,
0.0833333333333333,0.0541666666666667,0.216666666666667,0.121335164821342,6.25,NaN,0.166190476190476,-1.86517724504296,-1.88669678465808,
