lijphart,raes,loosemorehanby,gallagher,enp,pca,governability,entropy,entropyseatprop,
0.175,0.0541666666666667,0.216666666666667,0.151152976226809,4.23529411764706,NaN,0.263888888888888,-1.4557559892305,-1.51710639706103,
0.0833333333333333,0.025,0.1,0.0735980072193987,5.53846153846154,NaN,0.186666666666666,-1.72751121688747,-1.74815545724768,
0.0833333333333333,0.05,0.2,0.114867072934085,4.23529411764706,NaN,0.263888888888888,-1.4557559892305,-1.51710639706103,
0.166666666666667,0.06875,0.275,0.178341121325272,4.5,NaN,0.233333333333333,-1.51792169058466,-1.54542290319359,
0.075,0.0604166666666667,0.241666666666667,0.131233464566864,5.14285714285714,NaN,0.201111111111111,-1.68822355175433,-1.7045514452673,
