lijphart,raes,loosemorehanby,gallagher,enp,pca,governability,entropy,entropyseatprop,
0.142857142857143,0.0678571428571429,0.271428571428571,0.165711548964813,7,NaN,0.142857142857143,-1.94591014905531,-1.94591014905531,
0.10952380952381,0.0761904761904762,0.304761904761905,0.157359158493889,7,NaN,0.142857142857143,-1.94591014905531,-1.94591014905531,
0.142857142857143,0.0738095238095238,0.295238095238095,0.175481197835126,7,NaN,0.142857142857143,-1.94591014905531,-1.94591014905531,
0.10952380952381,0.0952380952380952,0.380952380952381,0.214179868038562,7,NaN,0.142857142857143,-1.94591014905531,-1.94591014905531,
0.10952380952381,0.0928571428571429,0.371428571428571,0.234012616672488,7,NaN,0.142857142857143,-1.94591014905531,-1.94591014905531,
