lijphart,raes,loosemorehanby,gallagher,enp,pca,governability,entropy,entropyseatprop,
0.188888888888889,0.0805555555555555,0.322222222222222,0.197124388880113,3.42857142857143,2.83077325039258,0.333333333333332,-1.242453324894,-1.30860538725345,
0.144444444444444,0.0555555555555555,0.222222222222222,0.146460292516267,4.5,NaN,0.233333333333333,-1.51792169058466,-1.54542290319359,
0.161111111111111,0.0625,0.25,0.154460430827309,5.14285714285714,NaN,0.201111111111111,-1.68822355175433,-1.7045514452673,
0.183333333333333,0.0736111111111111,0.294444444444444,0.187905939169864,3.6,NaN,0.319444444444444,-1.35797785498732,-1.42412991734677,
0.122222222222222,0.0472222222222222,0.188888888888889,0.119282836408799,3.27272727272727,NaN,0.283333333333333,-1.43316809039319,-1.35220939923383,
