lijphart,raes,loosemorehanby,gallagher,enp,pca,governability,entropy,entropyseatprop,
0.252777777777778,0.0715277777777778,0.286111111111111,0.204388579323857,4,3.02075306013841,0.361666666666666,-1.36476902460272,-1.58325845942048,
0.383333333333333,0.108333333333333,0.433333333333333,0.310714032313546,2.88,3.71766309094453,0.583333333333332,-0.836988216785836,-1.19884931291362,
0.247222222222222,0.0847222222222222,0.338888888888889,0.23139072294858,3.6,2.76582312592326,0.319444444444443,-1.35797785498732,-1.42412991734677,
0.227777777777778,0.110416666666667,0.441666666666667,0.242956328951888,2.57142857142857,3.419128796393,0.499999999999999,-0.867563228481462,-1.01140426470735,
0.202777777777778,0.0798611111111111,0.319444444444444,0.200923792444724,4.23529411764706,3.63429969233356,0.263888888888888,-1.4557559892305,-1.51710639706103,
