lijphart,raes,loosemorehanby,gallagher,enp,pca,governability,entropy,entropyseatprop,
0.155555555555556,0.0569444444444445,0.227777777777778,0.145296631451356,5.14285714285714,NaN,0.201111111111111,-1.68822355175433,-1.7045514452673,
0.133333333333333,0.0833333333333333,0.333333333333333,0.195946578761649,5.14285714285714,NaN,0.201111111111111,-1.68822355175433,-1.7045514452673,
0.194444444444444,0.0486111111111111,0.194444444444444,0.15112745009706,6,NaN,0.174761904761905,-1.83999716172397,-1.863679987341,
0.183333333333333,0.0541666666666667,0.216666666666667,0.152550335752733,5.14285714285714,NaN,0.201111111111111,-1.68822355175433,-1.7045514452673,
0.1,0.0472222222222222,0.188888888888889,0.116136360890927,6.54545454545455,NaN,0.166213151927437,-1.93595450301858,-1.97920451743432,
