lijphart,raes,loosemorehanby,gallagher,enp,pca,governability,entropy,entropyseatprop,
0.125,0.0770833333333333,0.308333333333333,0.181811868577262,8,NaN,0.125,-2.07944154167984,-2.07944154167984,
0.125,0.0833333333333333,0.333333333333333,0.220479275922049,8,NaN,0.125,-2.07944154167984,-2.07944154167984,
0.0583333333333333,0.05,0.2,0.12801909579781,8,NaN,0.125,-2.07944154167984,-2.07944154167984,
0.0916666666666667,0.0583333333333333,0.233333333333333,0.136422546197874,8,NaN,0.125,-2.07944154167984,-2.07944154167984,
0.0916666666666667,0.0708333333333333,0.283333333333333,0.215380799722001,8,NaN,0.125,-2.07944154167984,-2.07944154167984,
